PNR_Number,Customer_Name,Flight_ID,Airline,From_City,To_City,Departure_Time,Arrival_Time,Travel_Date,Booking_Date,Booking_Status,Refund_Status
AZ8339,Barclay,O'Moylane,bomoylane0@hibu.com,Hongde,Masis,11:48 AM,1:41 PM,8/30/2024,12/22/2024,Confirmed,Not applicable
QF2099,Beryle,Southerden,bsoutherden1@cnbc.com,Alhos Vedros,Cícero Dantas,2:55 AM,4:49 PM,3/28/2025,08-03-2024,Confirmed,Not applicable
BA7301,Raven,Allenby,rallenby2@house.gov,Bi’r al Ḩufayy,Xianxi,3:18 PM,12:55 AM,07-04-2024,12-12-2024,Confirmed,Not applicable
CX3692,Fania,Gavigan,fgavigan3@wufoo.com,Chambara,Villa Gesell,7:23 AM,11:28 PM,5/19/2025,05-06-2025,Confirmed,Not applicable
WN2810,Demetri,Antyukhin,dantyukhin4@creativecommons.org,Hedong,Ya’ergenchu,4:18 PM,8:39 PM,10/20/2024,4/21/2025,Confirmed,Not applicable
NZ8951,Roseann,Threadgould,rthreadgould5@jalbum.net,Maslog,Rancasadang,2:39 PM,5:45 AM,10-04-2024,09-07-2024,Confirmed,Not applicable
SK9881,Anderson,Bourgaize,abourgaize6@usa.gov,Detroit,Laï,9:21 AM,6:12 PM,5/20/2025,12/17/2024,Confirmed,Not applicable
SA8652,Dinah,Escalera,descalera7@multiply.com,Wucun,Ōita,9:29 AM,1:08 PM,5/26/2025,10/26/2024,Confirmed,Not applicable
SK4327,Jarrett,Fossord,jfossord8@disqus.com,Goodlands,Adh Dhayd,9:50 PM,12:25 PM,11-08-2024,10/25/2024,Confirmed,Not applicable
NZ8553,Honey,Botwright,hbotwright9@amazon.co.uk,Santa Catarina Ixtahuacán,Barqueiro,7:56 AM,5:59 AM,6/18/2025,1/15/2025,Confirmed,Not applicable
AI8841,Damita,Moniker,dmonikera@marriott.com,Mabusag,Huangnan,11:33 AM,1:28 PM,06-05-2025,8/17/2024,Confirmed,Not applicable
WN1798,Cornell,Pavlov,cpavlovb@statcounter.com,Bromma,Media Luna,12:49 PM,5:32 PM,10/22/2024,7/28/2024,Confirmed,Not applicable
SA4429,Sabine,Yglesia,syglesiac@biglobe.ne.jp,Zhuravka,Maun,9:48 AM,7:17 AM,6/21/2025,06-07-2025,Confirmed,Not applicable
EK7596,Alis,Loveguard,aloveguardd@elpais.com,Surulangun Rawas,Tarragona,3:18 PM,6:48 AM,08-10-2024,11/23/2024,Confirmed,Not applicable
AZ1731,Towny,Wellesley,twellesleye@cyberchimps.com,Kobylanka,Darvi,9:24 AM,4:18 AM,5/18/2025,07-10-2024,Confirmed,Not applicable
AI2711,Kylynn,Fergyson,kfergysonf@cnet.com,Malhiao,Asan Kumbang,12:19 AM,1:55 PM,8/17/2024,2/17/2025,Confirmed,Not applicable
QR3757,Griswold,Derx,gderxg@a8.net,Quixeramobim,Suhe,10:14 AM,3:31 PM,12-01-2024,9/27/2024,Confirmed,Not applicable
AF5390,Ginnie,Learmond,glearmondh@pen.io,Kuching,Nanqi,5:29 PM,6:18 AM,4/17/2025,2/24/2025,Confirmed,Not applicable
AA7962,Teddi,Thackray,tthackrayi@tinypic.com,Bāft,Tajinan,9:52 PM,9:10 PM,7/26/2024,03-12-2025,Confirmed,Not applicable
AI1305,Claudius,Hutcheson,chutchesonj@marriott.com,Houston,Emiliano Zapata,5:53 AM,5:15 PM,8/19/2024,12-10-2024,Confirmed,Not applicable
DL9098,Benjamen,Patton,bpattonk@columbia.edu,Bekwai,Khuan Don,6:37 AM,12:18 PM,4/27/2025,06-01-2025,Confirmed,Not applicable
QF9225,Kass,Skoggins,kskogginsl@amazon.com,Dashi,Greensboro,11:09 PM,4:08 AM,10/16/2024,8/17/2024,Confirmed,Not applicable
AI6943,Alyssa,Brandts,abrandtsm@blog.com,Měcholupy,Muang Sing,6:20 AM,4:06 AM,9/17/2024,3/21/2025,Confirmed,Not applicable
AZ7651,Paddy,Sunley,psunleyn@vistaprint.com,Shuangxing,Zlín,5:55 AM,7:06 PM,1/25/2025,1/21/2025,Confirmed,Not applicable
AI1169,Emilio,Bascomb,ebascombo@google.com.au,Guadalupe Victoria,Ripky,2:57 PM,9:18 PM,09-10-2024,10/19/2024,Confirmed,Not applicable
AA2277,Kort,Worsalls,kworsallsp@comsenz.com,Chuangye,Jintao,7:43 PM,5:26 AM,8/25/2024,12-04-2024,Confirmed,Not applicable
KL9159,Benji,Rubanenko,brubanenkoq@godaddy.com,New Iloilo,Bokani,4:58 AM,2:46 AM,07-07-2024,9/21/2024,Confirmed,Not applicable
WN1644,Kit,Kerwen,kkerwenr@msn.com,Ngampon,Kotel’niki,9:13 AM,9:06 AM,11/17/2024,3/20/2025,Confirmed,Not applicable
SA2449,Bartolomeo,Daw,bdaws@is.gd,Kedungsumurkrajan,Manizales,7:28 PM,6:33 AM,05-01-2025,1/19/2025,Confirmed,Not applicable
SQ4092,Zondra,Bredbury,zbredburyt@mysql.com,Rongxing,Dabagou,3:21 AM,12:46 AM,06-01-2025,12/30/2024,Confirmed,Not applicable
NZ6009,Dionisio,Constantine,dconstantineu@lycos.com,Brataj,Liancheng,6:41 PM,1:09 AM,1/29/2025,7/24/2024,Confirmed,Not applicable
LH3045,Eadmund,Wallis,ewallisv@wikipedia.org,Maliiha,Kotsyubyns’ke,5:52 AM,3:33 PM,3/20/2025,4/25/2025,Confirmed,Not applicable
SA3265,Keane,Petrescu,kpetrescuw@skype.com,Bitica,New Yekepa,5:45 AM,10:14 AM,08-06-2024,12-07-2024,Confirmed,Not applicable
AM5515,Erskine,Boustred,eboustredx@hibu.com,Salitrillos,San Pedro,5:18 AM,11:06 AM,2/20/2025,6/17/2025,Confirmed,Not applicable
BA2345,Starr,Castagno,scastagnoy@businessinsider.com,Piritiba,Donskoy,5:47 PM,11:48 PM,3/25/2025,02-11-2025,Confirmed,Not applicable
SK3607,Antoinette,Rubinov,arubinovz@github.com,Pho Thale,Xijiang,9:49 PM,7:38 AM,10-12-2024,03-10-2025,Confirmed,Not applicable
LH4911,Kip,Tampion,ktampion10@businessweek.com,Qiulu,Anuchino,1:08 AM,11:05 AM,04-03-2025,10-03-2024,Confirmed,Not applicable
AV6156,Anneliese,Fenimore,afenimore11@dell.com,Pogórze,Dhankutā,1:36 PM,4:08 PM,9/23/2024,03-09-2025,Confirmed,Not applicable
LA2023,Cornell,McCorrie,cmccorrie12@vistaprint.com,Teculután,Columbia,7:13 PM,6:10 AM,07-01-2024,12-03-2024,Confirmed,Not applicable
TG7834,Marielle,Aizic,maizic13@boston.com,Cuito,Surin,5:10 PM,10:53 AM,6/25/2025,06-04-2025,Confirmed,Not applicable
EK1066,Dominga,Esselen,desselen14@scientificamerican.com,Buenaventura,Xietang,2:20 AM,3:06 AM,03-08-2025,06-11-2025,Confirmed,Not applicable
TG4235,Claribel,Seargeant,cseargeant15@e-recht24.de,Al Misrākh,Cipanas,8:15 PM,1:10 PM,02-04-2025,5/19/2025,Confirmed,Not applicable
KE9074,Orsa,Santostefano.,osantostefano16@skyrock.com,Hroznětín,Bačka Topola,9:33 AM,7:25 AM,11/27/2024,04-08-2025,Confirmed,Not applicable
UA6429,Constancia,Westhead,cwesthead17@reddit.com,Kakegawa,Wuli,5:22 PM,10:52 AM,11/30/2024,02-09-2025,Confirmed,Not applicable
KE4971,Irwinn,Shears,ishears18@ihg.com,Mikulintsy,Старо Нагоричане,3:14 AM,6:30 PM,03-10-2025,12/16/2024,Confirmed,Not applicable
CX3579,Wandis,Deboo,wdeboo19@stumbleupon.com,El Carril,General Conesa,8:16 AM,5:42 AM,4/14/2025,10/16/2024,Confirmed,Not applicable
KE6091,Raddy,Etter,retter1a@miitbeian.gov.cn,Stanley,Pelileo,10:04 AM,5:04 PM,11-09-2024,05-02-2025,Confirmed,Not applicable
UA6826,Karissa,Bockmann,kbockmann1b@narod.ru,Basista,Novyy Svit,2:09 PM,4:45 AM,02-02-2025,5/31/2025,Confirmed,Not applicable
WN5430,Hetty,Eliet,heliet1c@berkeley.edu,Pingdingbu,Kolkhozobod,1:31 AM,12:00 PM,01-07-2025,8/18/2024,Confirmed,Not applicable
LA4963,Aland,Gillford,agillford1d@sogou.com,Kathu,Saidpur,10:01 AM,10:26 PM,7/21/2024,11-12-2024,Confirmed,Not applicable
CX7552,Cyrill,Hempel,chempel1e@globo.com,Tianjiaba,Sylvan Lake,12:20 PM,4:47 AM,07-03-2024,2/21/2025,Confirmed,Not applicable
AV3547,Zollie,Densell,zdensell1f@marriott.com,Dem’yanovo,Cergy-Pontoise,3:20 AM,6:58 PM,9/18/2024,01-01-2025,Confirmed,Not applicable
KL6213,Price,Barbosa,pbarbosa1g@cnn.com,Chlói,San Rafael,3:47 PM,9:10 PM,1/15/2025,04-03-2025,Confirmed,Not applicable
KE9236,Alexandros,Dilkes,adilkes1h@who.int,Nowa Sarzyna,Charlotte,6:32 PM,2:54 AM,12-03-2024,1/25/2025,Confirmed,Not applicable
KL3711,Woodman,Minor,wminor1i@prlog.org,Praga Północ,Lingyuan,9:50 PM,2:23 PM,10/29/2024,11/22/2024,Confirmed,Not applicable
AC8527,Isac,O'Doghesty,iodoghesty1j@thetimes.co.uk,Qiancang,Murmansk,11:34 AM,1:34 PM,4/14/2025,09-04-2024,Confirmed,Not applicable
KE1526,Willyt,Gorghetto,wgorghetto1k@drupal.org,Abuxarda,Luxi,2:29 PM,1:05 AM,08-01-2024,09-02-2024,Confirmed,Not applicable
AI8609,Orazio,Newbery,onewbery1l@theguardian.com,Chlewiska,Botshabelo,3:46 AM,9:59 PM,10/25/2024,1/22/2025,Confirmed,Not applicable
LH7175,Welsh,Flode,wflode1m@wikispaces.com,Lomba do Loução,Ubrub,7:32 PM,2:43 AM,6/15/2025,5/22/2025,Confirmed,Not applicable
IB8280,Emile,Dunsford,edunsford1n@ted.com,Jawhar,Xiaxi,8:37 AM,6:18 AM,12/20/2024,1/26/2025,Confirmed,Not applicable
QR3056,Zebulon,Wigley,zwigley1o@pagesperso-orange.fr,Novokizhinginsk,Berezovo,6:02 PM,10:47 PM,1/19/2025,8/24/2024,Confirmed,Not applicable
NH4965,Inger,Ganning,iganning1p@typepad.com,Tournon-sur-Rhône,Carhué,11:52 AM,3:37 AM,09-04-2024,07-10-2024,Confirmed,Not applicable
NZ5489,Darleen,Bloore,dbloore1q@multiply.com,Morteros,Qohord-e Bālā,5:02 PM,4:20 PM,8/30/2024,5/16/2025,Confirmed,Not applicable
EK2700,Hyman,Wrangle,hwrangle1r@mapy.cz,Dungarvan,Rūdiškės,10:00 AM,8:26 AM,06-04-2025,10-01-2024,Confirmed,Not applicable
EK7596,Cele,Martel,cmartel1s@weibo.com,Juripiranga,Hebian,3:48 AM,9:03 AM,04-10-2025,11/30/2024,Confirmed,Not applicable
QF1083,Gabbie,Kupec,gkupec1t@networkadvertising.org,Maştağa,Lower Hutt,9:16 AM,8:10 PM,5/28/2025,5/17/2025,Confirmed,Not applicable
KL2709,Farly,Lowrey,flowrey1u@google.ru,Al Muharraq,Lāchi,7:49 AM,2:15 AM,06-06-2025,10/17/2024,Confirmed,Not applicable
SQ4687,Arleyne,Dilleway,adilleway1v@4shared.com,Salavat,Jinquan,7:51 AM,1:07 AM,12-09-2024,11-03-2024,Confirmed,Not applicable
AM9650,Julia,McMychem,jmcmychem1w@moonfruit.com,Mosrentgen,Bonebone,12:13 AM,1:44 PM,04-09-2025,7/20/2024,Confirmed,Not applicable
TG9185,Tasia,Cockin,tcockin1x@yolasite.com,København,Naghalin,10:26 PM,5:41 AM,02-03-2025,01-04-2025,Confirmed,Not applicable
AZ6191,Nomi,Hardy-Piggin,nhardypiggin1y@dmoz.org,Planovskoye,Bondowoso,4:03 PM,7:17 AM,04-04-2025,6/18/2025,Confirmed,Not applicable
AF4079,Salvidor,Tiuit,stiuit1z@reference.com,Mityana,Bečej,9:16 PM,11:34 AM,6/22/2025,08-12-2024,Confirmed,Not applicable
LA3470,Bartel,Piccop,bpiccop20@google.es,Klagen,Bezlyudivka,3:43 PM,6:16 PM,8/14/2024,8/17/2024,Confirmed,Not applicable
BA6603,Elana,Kiraly,ekiraly21@bing.com,Gangjia,Moog,7:58 PM,4:56 PM,4/21/2025,7/21/2024,Confirmed,Not applicable
LA6794,Effie,Harlow,eharlow22@ucsd.edu,Cayambe,Qiaole,4:08 AM,9:54 AM,5/13/2025,11/16/2024,Confirmed,Not applicable
CX9264,Marabel,Honeywood,mhoneywood23@4shared.com,Linköping,Xique Xique,4:46 AM,7:33 AM,11/29/2024,1/29/2025,Confirmed,Not applicable
SQ5275,Bowie,Phittiplace,bphittiplace24@goodreads.com,Muritiba,Putre,6:44 PM,6:45 PM,03-02-2025,10/16/2024,Confirmed,Not applicable
KE3851,Ardath,Coltart,acoltart25@apple.com,Liborina,Nanxing,3:51 PM,9:36 PM,06-02-2025,02-08-2025,Confirmed,Not applicable
LA9661,Christian,Olechnowicz,colechnowicz26@trellian.com,Bayside,Binulasan,9:20 PM,8:34 PM,01-06-2025,9/29/2024,Confirmed,Not applicable
QR3327,Kristi,Greatreax,kgreatreax27@technorati.com,Verin Artashat,Tilik,3:25 PM,7:03 PM,9/14/2024,03-08-2025,Confirmed,Not applicable
DL4362,Tessi,Longforth,tlongforth28@homestead.com,Fréjus,Santa Vitória do Palmar,9:33 AM,1:59 AM,2/18/2025,07-01-2024,Confirmed,Not applicable
NZ6242,Nels,Proffitt,nproffitt29@macromedia.com,Lam Plai Mat,Nouakchott,12:03 PM,2:07 AM,8/26/2024,05-07-2025,Confirmed,Not applicable
CX1697,Malachi,Mussilli,mmussilli2a@indiegogo.com,Mae Lao,Airuk,2:03 AM,5:00 PM,5/17/2025,6/22/2025,Confirmed,Not applicable
SA4851,Rhys,Mardall,rmardall2b@ucoz.ru,Changzheng,San Casimiro,7:08 AM,12:03 PM,1/27/2025,6/28/2025,Confirmed,Not applicable
KL9159,Correna,Reburn,creburn2c@qq.com,Póvoa de Penela,Angers,11:32 AM,10:37 PM,11-10-2024,03-04-2025,Confirmed,Not applicable
AM1013,Maisie,Thunder,mthunder2d@mapy.cz,Xiabeisi,Lumbayan,2:33 PM,2:55 PM,5/30/2025,09-09-2024,Confirmed,Not applicable
SK3891,Michael,Montel,mmontel2e@businessinsider.com,Al Qaryatayn,Luau,3:15 AM,2:04 PM,2/26/2025,4/20/2025,Confirmed,Not applicable
AZ7909,Zulema,Stockau,zstockau2f@simplemachines.org,Santo Domingo,Remscheid,8:44 AM,8:02 PM,4/20/2025,7/20/2024,Confirmed,Not applicable
CX8117,Dolf,Raccio,draccio2g@disqus.com,Rajadesa,Jeseník,9:54 PM,8:51 AM,6/30/2025,6/21/2025,Confirmed,Not applicable
ET1969,Tammara,Balston,tbalston2h@istockphoto.com,Umeå,Lokatadho,1:11 AM,1:32 AM,04-10-2025,9/20/2024,Confirmed,Not applicable
QF1885,Sargent,Phalip,sphalip2i@dedecms.com,Stryszawa,Colcabamba,11:40 AM,12:11 PM,2/26/2025,06-11-2025,Confirmed,Not applicable
QR9262,Tiebout,Jarritt,tjarritt2j@bbc.co.uk,Sumberan,Maoshan,7:44 PM,5:37 PM,08-01-2024,11/21/2024,Confirmed,Not applicable
BA7384,Hamlin,Probat,hprobat2k@ucsd.edu,Contraalmirante Cordero,Luoshe,8:42 AM,9:04 PM,12-02-2024,6/14/2025,Confirmed,Not applicable
IB7269,Cammi,Trundle,ctrundle2l@telegraph.co.uk,Siquisique,Greystones,4:31 AM,6:49 AM,12/21/2024,9/26/2024,Confirmed,Not applicable
AC8255,Bettine,Delaprelle,bdelaprelle2m@google.fr,Dongqu,Shaheying,5:40 AM,4:59 PM,06-01-2025,10/16/2024,Confirmed,Not applicable
DL5874,Granville,Akker,gakker2n@bing.com,Hollola,Belang,8:16 AM,1:24 PM,03-07-2025,5/13/2025,Confirmed,Not applicable
KL7530,Jasmin,Heijnen,jheijnen2o@meetup.com,Santiago del Torno,Zaniemyśl,5:27 AM,11:31 PM,03-10-2025,10/20/2024,Confirmed,Not applicable
SQ7676,Jameson,Klemz,jklemz2p@washington.edu,Helsingborg,Tatuí,1:50 PM,3:20 AM,08-07-2024,04-04-2025,Confirmed,Not applicable
ET1495,Mitchael,Lindenman,mlindenman2q@list-manage.com,Slatyne,Fuerte,5:28 PM,9:32 AM,11/16/2024,5/28/2025,Confirmed,Not applicable
TG2389,Roberto,Fain,rfain2r@globo.com,Kalijeruk,Ribeirinha,4:53 PM,2:06 PM,6/13/2025,11/17/2024,Confirmed,Not applicable
NZ6489,Neala,Henrion,nhenrion2s@netscape.com,Genyem,Xinjiezi,7:58 PM,8:10 PM,09-07-2024,11-07-2024,Confirmed,Not applicable
SQ4113,Riva,Chewter,rchewter2t@cdc.gov,San Antonio,Kukulu,10:51 AM,2:19 PM,6/22/2025,3/19/2025,Confirmed,Not applicable
AC5199,Clovis,Eake,ceake2u@msn.com,Terbangan,Papakura,8:59 PM,8:41 PM,10/16/2024,06-12-2025,Confirmed,Not applicable
SA4339,Shaylynn,Jesteco,sjesteco2v@ezinearticles.com,Shebekino,Vicente Guerrero,12:40 AM,1:45 AM,8/20/2024,8/20/2024,Confirmed,Not applicable
AF5181,Avie,Whithorn,awhithorn2w@wisc.edu,Xianlong,Zengtian,7:24 AM,7:10 PM,3/15/2025,7/24/2024,Confirmed,Not applicable
QF3102,Rodie,Baglin,rbaglin2x@google.co.uk,Liangbing,Chang’an,5:14 AM,12:31 AM,10-07-2024,10/24/2024,Confirmed,Not applicable
KL9278,Jorgan,Drust,jdrust2y@wikia.com,Akhmīm,San Juan,12:15 PM,10:49 PM,11/29/2024,3/24/2025,Confirmed,Not applicable
SQ4474,Yard,Noto,ynoto2z@plala.or.jp,Nogueira,Banyumas,10:54 AM,7:20 PM,4/22/2025,8/22/2024,Confirmed,Not applicable
KL5923,Kimberlee,Shemilt,kshemilt30@stanford.edu,Novaya Mayna,Nailong,6:30 AM,9:03 AM,03-09-2025,01-11-2025,Confirmed,Not applicable
AM4741,Aggi,Tomowicz,atomowicz31@ehow.com,Hongdun,Termas de Río Hondo,10:54 AM,10:18 AM,07-02-2024,11/28/2024,Confirmed,Not applicable
EK3219,Helen,Philpots,hphilpots32@live.com,Liuzu,Mumias,12:08 PM,9:19 PM,2/24/2025,12/20/2024,Confirmed,Not applicable
KL1912,Phillida,Lowey,plowey33@wikimedia.org,Qijiazuo,Saint-Brieuc,3:09 AM,10:16 PM,8/30/2024,9/15/2024,Confirmed,Not applicable
AA9987,Clay,Margach,cmargach34@tamu.edu,Kivertsi,Kulia Village,8:20 AM,2:23 PM,12/20/2024,5/20/2025,Confirmed,Not applicable
SK1460,Jeanie,Belhome,jbelhome35@ezinearticles.com,Siayan,Pappadátes,5:54 PM,11:38 PM,08-01-2024,11/28/2024,Confirmed,Not applicable
LA8828,Tuckie,Tooby,ttooby36@acquirethisname.com,Longgang,Žalec,8:05 PM,12:58 PM,8/28/2024,08-02-2024,Confirmed,Not applicable
KE3382,Malinde,Piel,mpiel37@technorati.com,Sagay,Quiling,11:24 AM,10:53 PM,6/23/2025,10/31/2024,Confirmed,Not applicable
AV9484,Mildred,Curtoys,mcurtoys38@aboutads.info,Semiletka,Wangzuo,2:20 AM,2:15 AM,2/25/2025,12/21/2024,Confirmed,Not applicable
QR7768,Beatrix,Elrick,belrick39@alexa.com,Canaman,Oakland,4:31 AM,5:39 AM,2/26/2025,1/23/2025,Confirmed,Not applicable
AZ6288,Suki,Halburton,shalburton3a@theguardian.com,Dukla,Solna,12:23 PM,10:26 AM,03-03-2025,03-12-2025,Confirmed,Not applicable
DL8789,Marlo,Shemwell,mshemwell3b@examiner.com,Esuk Oron,Ushibuka,10:26 AM,10:58 AM,12/15/2024,07-09-2024,Confirmed,Not applicable
LH1276,Rickie,Streater,rstreater3c@illinois.edu,Tubigan,Longtou,11:37 AM,11:16 PM,08-02-2024,10/15/2024,Confirmed,Not applicable
AI2165,Elfrida,Linnell,elinnell3d@aol.com,Paris La Défense,Cartago,12:04 PM,4:32 PM,5/27/2025,1/25/2025,Confirmed,Not applicable
SQ7016,Agace,Wakley,awakley3e@businessinsider.com,Starigrad,Futuroscope,1:27 PM,2:36 AM,11-06-2024,5/27/2025,Confirmed,Not applicable
EK9536,Babara,Hoonahan,bhoonahan3f@bloomberg.com,Andramasina,Gœsdorf,5:21 AM,2:44 AM,7/27/2024,1/13/2025,Confirmed,Not applicable
KL4871,Leland,Shimwell,lshimwell3g@rakuten.co.jp,New Orleans,Sharjah,12:02 PM,4:02 PM,3/20/2025,2/15/2025,Confirmed,Not applicable
AV3164,Koenraad,Faltin,kfaltin3h@google.pl,Serowe,Kaem,6:19 AM,7:55 PM,01-10-2025,6/16/2025,Confirmed,Not applicable
AI7764,Sonya,Sowte,ssowte3i@wsj.com,Guandukou,Aravissós,11:39 AM,10:43 PM,7/30/2024,7/22/2024,Confirmed,Not applicable
LH5017,Calla,Berget,cberget3j@ezinearticles.com,Huayuan,Rakek,2:56 AM,4:43 AM,09-12-2024,11/20/2024,Confirmed,Not applicable
AC3023,Edmund,Moscrop,emoscrop3k@cpanel.net,Chorente,Sv. Ana v Slov. Goricah,4:30 PM,5:27 AM,04-01-2025,8/24/2024,Confirmed,Not applicable
AF7165,Katie,Amor,kamor3l@europa.eu,Jiazi,Kadubera,7:11 PM,12:46 PM,11/19/2024,05-07-2025,Confirmed,Not applicable
ET7222,Gretal,Jahnel,gjahnel3m@theglobeandmail.com,Hanyuan,Unisław,9:32 PM,2:27 PM,3/29/2025,10/31/2024,Confirmed,Not applicable
WN2104,Wilmer,Lorrain,wlorrain3n@desdev.cn,Itarana,Tawangsari,8:34 AM,6:44 AM,6/28/2025,01-02-2025,Confirmed,Not applicable
DL5999,Katusha,Scorthorne,kscorthorne3o@lycos.com,Štěnovice,Chatuchak,1:40 PM,11:08 PM,4/30/2025,7/26/2024,Confirmed,Not applicable
SA4782,Corby,Matyasik,cmatyasik3p@house.gov,Twyford,Jarocin,9:39 PM,12:18 PM,2/17/2025,02-03-2025,Confirmed,Not applicable
IB7731,Herman,Goodhand,hgoodhand3q@themeforest.net,Kemendung,Salamanca,2:18 AM,1:09 PM,12/16/2024,1/13/2025,Confirmed,Not applicable
WN1647,Tally,Iveans,tiveans3r@netscape.com,Popovi,Koshigaya,6:48 PM,7:08 AM,6/29/2025,03-02-2025,Confirmed,Not applicable
AV4476,Gage,O'Sheilds,gosheilds3s@fema.gov,Queluz de Baixo,Washington,1:09 PM,6:42 PM,1/23/2025,10-02-2024,Confirmed,Not applicable
SA4158,Marlo,Plumptre,mplumptre3t@imageshack.us,Nanterre,Tomteboda,1:07 AM,4:53 AM,7/18/2024,04-06-2025,Confirmed,Not applicable
WN8883,Hannah,Aspy,haspy3u@accuweather.com,Madīnat Ḩamad,Heichengzi,9:09 PM,2:50 PM,10-07-2024,8/16/2024,Confirmed,Not applicable
ET3337,Issie,D'Antonio,idantonio3v@jiathis.com,Hữu Lũng,Shangqing,5:12 AM,6:56 AM,11/24/2024,1/28/2025,Confirmed,Not applicable
AZ7115,Iosep,Osban,iosban3w@senate.gov,Pulosari,Jacksonville,9:23 AM,4:24 PM,5/26/2025,03-03-2025,Confirmed,Not applicable
DL3554,Dorise,Beceril,dbeceril3x@stumbleupon.com,Jablonec nad Jizerou,Puerto Tejada,3:52 AM,1:15 AM,11-08-2024,12/17/2024,Confirmed,Not applicable
AI3145,Louie,Rodder,lrodder3y@dot.gov,Futu,Gaozhou,1:30 AM,11:26 AM,09-08-2024,11/24/2024,Confirmed,Not applicable
UA7959,Shep,Siddell,ssiddell3z@google.co.jp,Tazouta,Nandasmo,5:29 AM,6:56 AM,04-04-2025,09-05-2024,Confirmed,Not applicable
NZ8880,Rasia,Vaudin,rvaudin40@marriott.com,Changuinola,Oslo,2:37 AM,4:59 AM,3/21/2025,6/29/2025,Confirmed,Not applicable
KE3098,Mauricio,Reams,mreams41@goodreads.com,Skore,San Antonio,4:33 PM,9:56 AM,03-12-2025,12-01-2024,Confirmed,Not applicable
DL6459,Gaylord,Guillot,gguillot42@so-net.ne.jp,Mesa,Zográfos,8:55 AM,10:58 AM,8/26/2024,10-06-2024,Confirmed,Not applicable
NH9539,Desdemona,Sante,dsante43@goo.ne.jp,Węgry,Murree,10:40 AM,11:38 PM,9/30/2024,01-12-2025,Confirmed,Not applicable
NZ8312,Briano,Gayne,bgayne44@baidu.com,Cahabón,Zlynka,9:09 PM,8:10 AM,4/19/2025,05-02-2025,Confirmed,Not applicable
EK9785,Jesus,Gethings,jgethings45@indiegogo.com,Al Ghayl,Varakļāni,7:18 PM,7:11 AM,02-04-2025,10/26/2024,Confirmed,Not applicable
CX7799,Dannie,Manilo,dmanilo46@earthlink.net,Pule,les Escaldes,10:32 PM,3:25 AM,8/15/2024,09-01-2024,Confirmed,Not applicable
CX1254,Ebenezer,Hughf,ehughf47@scribd.com,Phoenix,Shijing,10:44 PM,3:23 AM,7/27/2024,02-12-2025,Confirmed,Not applicable
AA5224,Janaya,Bandiera,jbandiera48@wired.com,Semënov,Daulatpur,1:44 PM,6:21 PM,10/23/2024,8/13/2024,Confirmed,Not applicable
QR9373,Ric,Buddock,rbuddock49@amazon.com,Malbork,Lindavista,9:14 PM,8:44 AM,5/19/2025,1/30/2025,Confirmed,Not applicable
AA1107,Webster,MacGarrity,wmacgarrity4a@redcross.org,Ningxin,Campechuela,9:16 PM,5:12 AM,02-07-2025,06-10-2025,Confirmed,Not applicable
AC6500,Aeriell,Semaine,asemaine4b@chron.com,Napel,Täby,7:46 PM,11:57 AM,2/16/2025,6/28/2025,Confirmed,Not applicable
QR4841,Briano,Gatcliff,bgatcliff4c@cnn.com,Dana,Lorraine,7:57 PM,6:26 PM,03-04-2025,11/21/2024,Confirmed,Not applicable
ET8142,Vilma,Cotsford,vcotsford4d@umich.edu,Cheongju-si,Lenīnskīy,8:48 PM,6:05 AM,4/19/2025,9/24/2024,Confirmed,Not applicable
QF5718,Roxana,Couthard,rcouthard4e@eepurl.com,Gemuruh,Saraktash,8:50 AM,7:46 AM,08-09-2024,5/20/2025,Confirmed,Not applicable
KL3207,Buddy,Inchbald,binchbald4f@accuweather.com,Boden,Puerto Obaldía,7:32 PM,8:45 AM,10/20/2024,2/24/2025,Confirmed,Not applicable
AF5870,Claudia,Dumingos,cdumingos4g@goo.gl,Kafyr-Kumukh,Kvasy,9:10 AM,11:04 PM,03-02-2025,8/25/2024,Confirmed,Not applicable
NH6529,Nikita,Docket,ndocket4h@oakley.com,Tegalloa,Sankt Lorenzen im Mürztal,11:02 AM,4:44 PM,01-11-2025,1/27/2025,Confirmed,Not applicable
WN2544,Aubrie,Bartot,abartot4i@skype.com,Levallois-Perret,Aleksinac,6:21 PM,6:40 AM,4/14/2025,8/15/2024,Confirmed,Not applicable
AZ3974,Laurice,De Cruz,ldecruz4j@hexun.com,La Sabana,Shiliting,2:11 AM,7:01 PM,8/24/2024,3/25/2025,Confirmed,Not applicable
WN1868,Casi,Willingham,cwillingham4k@istockphoto.com,Clermont-Ferrand,Rongcheng,11:55 AM,4:20 AM,12/18/2024,1/27/2025,Confirmed,Not applicable
AZ8140,Adolphus,Furse,afurse4l@dot.gov,Zhangting,Haapsalu,3:12 PM,11:00 AM,06-09-2025,8/21/2024,Confirmed,Not applicable
AC1520,Claybourne,Murty,cmurty4m@boston.com,Qinggang,Xichuan,10:03 AM,1:35 PM,9/21/2024,8/28/2024,Confirmed,Not applicable
IB1986,Mathew,Ofield,mofield4n@ning.com,Mazha,Venëv,5:35 AM,9:14 AM,5/20/2025,05-05-2025,Confirmed,Not applicable
TG1883,Willyt,Follis,wfollis4o@t-online.de,Ufa,Khodasy,1:32 AM,6:17 AM,1/17/2025,3/31/2025,Confirmed,Not applicable
AF1830,Lilias,Seeks,lseeks4p@uiuc.edu,Farshūţ,Koktal,10:00 AM,12:57 AM,08-06-2024,03-01-2025,Confirmed,Not applicable
NZ2102,Pincus,Greer,pgreer4q@printfriendly.com,Penitik,Bilhó,11:56 AM,11:08 AM,09-06-2024,02-04-2025,Confirmed,Not applicable
AC5532,Gretna,Oxnam,goxnam4r@booking.com,Gravelbourg,Bystryanka,9:27 AM,4:26 AM,9/26/2024,09-10-2024,Confirmed,Not applicable
SA3713,Curtice,Peres,cperes4s@google.com.br,Baruta,Beichan,10:27 AM,9:46 PM,5/18/2025,08-12-2024,Confirmed,Not applicable
SQ3555,Dillon,Tomich,dtomich4t@goo.ne.jp,Zvëzdnyy,Sredno Konjare,10:39 PM,12:04 PM,7/29/2024,04-03-2025,Confirmed,Not applicable
NZ4265,Carleen,Southey,csouthey4u@dedecms.com,Sucre,Rabat,6:22 AM,12:34 AM,03-05-2025,8/17/2024,Confirmed,Not applicable
UA9032,Christalle,Cabrara,ccabrara4v@acquirethisname.com,Quinchía,Breves,10:06 AM,12:44 PM,3/25/2025,11/23/2024,Confirmed,Not applicable
QR9847,Gary,Nevet,gnevet4w@fema.gov,Konče,"Villa Presidente Frei, Ñuñoa, Santiago, Chile",5:00 AM,8:54 PM,8/28/2024,6/20/2025,Confirmed,Not applicable
IB3835,Karney,Puddin,kpuddin4x@whitehouse.gov,Arganil,Pesisir,5:56 PM,9:49 PM,2/14/2025,08-09-2024,Confirmed,Not applicable
KL1655,Fenelia,Bollon,fbollon4y@soundcloud.com,Avignon,Solnechnyy,7:22 PM,1:19 AM,3/16/2025,8/26/2024,Confirmed,Not applicable
LA2996,Cleon,Porritt,cporritt4z@xing.com,Siguqiao,Grenoble,11:02 PM,9:43 AM,05-06-2025,9/16/2024,Confirmed,Not applicable
AV7276,Ashlen,Wimpey,awimpey50@hubpages.com,Ręczno,Kombandaru,5:28 PM,10:58 PM,07-09-2024,12-11-2024,Confirmed,Not applicable
DL8435,Violante,Glanfield,vglanfield51@google.co.uk,White City,Vantaa,11:38 AM,6:57 PM,2/18/2025,10/26/2024,Confirmed,Not applicable
UA8748,Perry,Formby,pformby52@delicious.com,Övertorneå,Helsingborg,10:38 PM,5:20 PM,1/15/2025,5/19/2025,Confirmed,Not applicable
IB8675,Lorie,Hammerstone,lhammerstone53@jigsy.com,Dieppe,Hepo,1:49 AM,6:28 PM,03-03-2025,4/29/2025,Confirmed,Not applicable
QR9021,Farrand,Iffe,fiffe54@google.pl,Panggungrejo,Nam Đàn,3:50 AM,1:25 AM,1/22/2025,8/30/2024,Confirmed,Not applicable
NZ9937,Natasha,Boor,nboor55@phpbb.com,La Unión,Shūsh,1:50 PM,3:13 PM,03-07-2025,08-11-2024,Confirmed,Not applicable
WN4544,Reid,Gudahy,rgudahy56@auda.org.au,Babana,Ayorou,7:12 PM,5:53 PM,12/26/2024,10-03-2024,Confirmed,Not applicable
BA6452,Marylin,Maccraw,mmaccraw57@oakley.com,Lope de Vega,Haocun,2:56 PM,10:10 PM,7/14/2024,8/25/2024,Confirmed,Not applicable
SQ4766,Maxi,Ohrtmann,mohrtmann58@state.gov,Bilopillya,Naagas,2:59 AM,7:03 PM,4/14/2025,12-09-2024,Confirmed,Not applicable
EK7012,Ole,Cow,ocow59@liveinternet.ru,Ansan-si,Culianin,6:33 AM,11:33 AM,08-01-2024,08-04-2024,Confirmed,Not applicable
IB2744,Jordan,Tuffin,jtuffin5a@infoseek.co.jp,Baiyang,Ferkessédougou,1:02 AM,1:26 AM,10-04-2024,12/26/2024,Confirmed,Not applicable
KL1814,Haywood,Tustin,htustin5b@bandcamp.com,Béreldange,Saint Augustine,4:18 PM,3:49 PM,11-03-2024,11/25/2024,Confirmed,Not applicable
IB8185,Tara,Carlton,tcarlton5c@arstechnica.com,Moa,Cibinong Satu,9:08 AM,2:37 AM,07-02-2024,2/28/2025,Confirmed,Not applicable
AI9592,Jacquelynn,Cargo,jcargo5d@discuz.net,Huangshi,Brześć Kujawski,7:19 PM,5:24 AM,3/19/2025,09-04-2024,Confirmed,Not applicable
AI3823,Antonina,Stairmond,astairmond5e@cnbc.com,Povenets,Elena,6:45 PM,9:46 AM,6/29/2025,1/16/2025,Confirmed,Not applicable
AI3110,Jessica,Blakemore,jblakemore5f@examiner.com,Ubiaja,Santa Cruz,10:04 AM,4:18 AM,5/30/2025,2/14/2025,Confirmed,Not applicable
AF6719,Ed,Clissold,eclissold5g@yolasite.com,Pithoro,Norsborg,5:00 AM,7:09 AM,11-02-2024,4/19/2025,Confirmed,Not applicable
BA4494,Madalena,Hexam,mhexam5h@java.com,Wangpu,Barlinek,8:34 PM,5:21 PM,9/20/2024,10/26/2024,Confirmed,Not applicable
NZ6883,Glenden,Ewbanche,gewbanche5i@about.me,Velikiy Ustyug,Karangharjo,8:47 AM,7:56 PM,9/21/2024,7/30/2024,Confirmed,Not applicable
KE9265,Bear,Calven,bcalven5j@nifty.com,Tugdan,Ballivor,4:37 AM,9:03 AM,11-10-2024,11/18/2024,Confirmed,Not applicable
NH7897,Marin,Aimeric,maimeric5k@mozilla.com,Maketu,Kalāt-e Nāderī,2:33 PM,11:04 AM,1/15/2025,01-11-2025,Confirmed,Not applicable
AV3548,Alec,Hubback,ahubback5l@nps.gov,Volgograd,Nankou,1:38 AM,9:35 AM,9/13/2024,03-10-2025,Confirmed,Not applicable
CX5078,Rosamund,Seedhouse,rseedhouse5m@army.mil,‘Afrīn,Tingping,10:16 AM,4:33 AM,7/14/2024,02-06-2025,Confirmed,Not applicable
SA8024,Darren,Golborne,dgolborne5n@abc.net.au,Bongandanga,Wawer,1:59 AM,4:36 AM,10-06-2024,08-01-2024,Confirmed,Not applicable
TG5067,Corrianne,Apfler,capfler5o@alexa.com,Pulau Pinang,‘Awaj,10:20 PM,9:50 PM,10/20/2024,06-05-2025,Confirmed,Not applicable
LH1504,Joly,Trout,jtrout5p@privacy.gov.au,Buriti Bravo,Hong’an Chengguanzhen,5:48 AM,10:20 AM,11/19/2024,04-09-2025,Confirmed,Not applicable
AM8660,Hilarius,Kiddle,hkiddle5q@sakura.ne.jp,Yicheng,Danville,8:33 PM,7:24 AM,03-03-2025,11-11-2024,Confirmed,Not applicable
WN3122,Deonne,Anstiss,danstiss5r@mozilla.org,Lynchburg,Enköping,1:57 PM,4:52 AM,09-02-2024,11-11-2024,Confirmed,Not applicable
LH6295,Janka,Mettetal,jmettetal5s@de.vu,Boronów,Ekerö,8:30 AM,4:52 AM,12/19/2024,5/31/2025,Confirmed,Not applicable
QF7701,Melvyn,Malinson,mmalinson5t@ox.ac.uk,Serdobsk,Tangban,10:54 PM,8:41 PM,03-03-2025,4/22/2025,Confirmed,Not applicable
AI1615,Michaela,Stood,mstood5u@tamu.edu,Tak,Rajapeni,5:40 AM,12:49 AM,05-05-2025,10/23/2024,Confirmed,Not applicable
SA3589,Juli,Treend,jtreend5v@constantcontact.com,Auch,Insua,6:42 PM,6:47 AM,08-03-2024,02-09-2025,Confirmed,Not applicable
AV4742,Diahann,Mulhill,dmulhill5w@stanford.edu,Wujiaying,Al ‘Āqir,10:15 AM,10:03 PM,7/24/2024,11/30/2024,Confirmed,Not applicable
KE6794,Gelya,Charville,gcharville5x@simplemachines.org,Ōta,Kafr Nubl,11:10 AM,8:20 AM,2/15/2025,3/29/2025,Confirmed,Not applicable
ET4536,Rourke,Achromov,rachromov5y@cisco.com,Sande Vila Nova,San Fernando,4:20 PM,9:35 AM,9/17/2024,10-05-2024,Confirmed,Not applicable
CX2556,Sacha,Nears,snears5z@freewebs.com,Kinmparana,Ķegums,11:26 AM,10:06 PM,10/24/2024,7/21/2024,Confirmed,Not applicable
SQ2732,Salvidor,Ferrarin,sferrarin60@wufoo.com,Bijela,San Marcos,2:04 AM,6:59 AM,9/17/2024,12-07-2024,Confirmed,Not applicable
AV4168,Marchelle,Fehely,mfehely61@weather.com,Pimentel,Batudulang,7:28 AM,5:16 PM,04-02-2025,01-01-2025,Confirmed,Not applicable
AF7152,Natassia,Anderbrugge,nanderbrugge62@ibm.com,Ruda Maleniecka,Huangbao,3:54 PM,1:46 AM,1/19/2025,7/30/2024,Confirmed,Not applicable
KL5073,Blake,Varfolomeev,bvarfolomeev63@arstechnica.com,Kanoya,Frederico Westphalen,8:33 PM,12:37 AM,03-12-2025,8/29/2024,Confirmed,Not applicable
TG7204,Jaymie,Colten,jcolten64@nytimes.com,Gedera,Rungis,4:51 AM,1:34 AM,5/28/2025,09-08-2024,Confirmed,Not applicable
QF2853,Doti,Godard,dgodard65@wisc.edu,San Francisco,Bartsrashen,2:20 PM,2:48 PM,5/14/2025,4/22/2025,Confirmed,Not applicable
AA8399,Teressa,Biggerdike,tbiggerdike66@xrea.com,Thị Trấn Hùng Quốc,Baturaja,4:44 AM,4:34 PM,10/20/2024,2/24/2025,Confirmed,Not applicable
SK2568,Caron,Camili,ccamili67@irs.gov,Zhaobaoshan,Renhe,2:50 PM,1:47 PM,03-10-2025,03-01-2025,Confirmed,Not applicable
ET5945,Penelopa,Bebbell,pbebbell68@un.org,Bulu,Cravo Norte,8:39 PM,8:40 AM,1/26/2025,7/17/2024,Confirmed,Not applicable
SA8880,Dominique,McBoyle,dmcboyle69@mlb.com,Talospatang,Lorica,1:31 PM,2:56 AM,7/21/2024,9/16/2024,Confirmed,Not applicable
LH7040,Elna,De'Vere - Hunt,edeverehunt6a@devhub.com,Margasari,Figueiró dos Vinhos,9:46 PM,5:12 AM,05-08-2025,06-06-2025,Confirmed,Not applicable
AM5247,Alvy,Van Dijk,avandijk6b@theatlantic.com,Cambebba,Xinhuang,6:58 AM,6:36 AM,8/25/2024,11-04-2024,Confirmed,Not applicable
ET9985,Seth,Monget,smonget6c@admin.ch,Songnim,Waina,9:46 PM,8:18 PM,9/26/2024,9/21/2024,Confirmed,Not applicable
AA1114,Maible,Le Provest,mleprovest6d@unblog.fr,Petersfield,Zhangdan,9:17 AM,4:53 PM,9/27/2024,7/27/2024,Confirmed,Not applicable
SK3500,Rivi,Bortolini,rbortolini6e@indiatimes.com,Tuopu Luke,Kayl,11:36 PM,3:33 PM,10/30/2024,5/13/2025,Confirmed,Not applicable
TG1620,Thomasa,Dallinder,tdallinder6f@arstechnica.com,Huicheng,Wińsko,7:34 PM,11:43 AM,3/19/2025,7/14/2024,Confirmed,Not applicable
AF2783,Berkie,Mara,bmara6g@linkedin.com,Helsingborg,Kilimatinde,3:53 PM,3:51 PM,9/17/2024,4/29/2025,Confirmed,Not applicable
UA9240,Fransisco,Jeffryes,fjeffryes6h@biglobe.ne.jp,Ariguaní,Lokwabe,2:01 PM,7:11 AM,03-02-2025,02-03-2025,Confirmed,Not applicable
TG6220,Selena,Boreland,sboreland6i@mail.ru,Troitsk,Qianjin,2:53 AM,7:23 AM,2/14/2025,05-12-2025,Confirmed,Not applicable
SA4919,Valentijn,Bourthouloume,vbourthouloume6j@yellowbook.com,Strzelce Krajeńskie,Lubin,7:23 PM,11:47 AM,4/29/2025,7/14/2024,Confirmed,Not applicable
SK7263,Nalani,Assard,nassard6k@sitemeter.com,Yanglinqiao,New Iloilo,5:48 PM,6:49 AM,3/26/2025,3/29/2025,Confirmed,Not applicable
TG5854,Merridie,Trazzi,mtrazzi6l@miitbeian.gov.cn,Janes,Baabda,2:26 AM,1:07 PM,11/15/2024,2/15/2025,Confirmed,Not applicable
NZ3854,Hilliary,Bloxam,hbloxam6m@free.fr,Lupon,A’ershan,11:34 PM,2:41 PM,7/26/2024,10/28/2024,Confirmed,Not applicable
ET8283,Robbi,Rankine,rrankine6n@ezinearticles.com,Ilha de Moçambique,La Rochelle,2:53 PM,8:08 AM,9/26/2024,11-12-2024,Confirmed,Not applicable
QF5903,Sabina,Cottle,scottle6o@trellian.com,Zaragoza,Magisterial,7:33 AM,1:58 AM,9/29/2024,02-11-2025,Confirmed,Not applicable
AF2793,Jourdain,Kensy,jkensy6p@blinklist.com,Shchastya,Wuppertal,8:52 AM,10:54 PM,5/23/2025,05-03-2025,Confirmed,Not applicable
SK5443,Kaitlynn,Culpen,kculpen6q@google.fr,San Jose,Liushun,5:18 AM,12:51 AM,8/23/2024,02-10-2025,Confirmed,Not applicable
SQ9385,Lenore,Lerwill,llerwill6r@mtv.com,Novokhopërsk,Zürich,9:04 PM,7:39 AM,10/13/2024,12/15/2024,Confirmed,Not applicable
AZ1674,Aidan,Kinnerk,akinnerk6s@google.ru,Xiangdong,Zipaquirá,2:52 AM,6:07 PM,1/16/2025,08-12-2024,Confirmed,Not applicable
AC9487,Koo,Strange,kstrange6t@tumblr.com,Tambaksari,Peso da Régua,1:17 PM,10:14 PM,08-05-2024,12/16/2024,Confirmed,Not applicable
KL8773,Leo,Patridge,lpatridge6u@sitemeter.com,Lela,Bakau,1:43 AM,12:17 AM,1/18/2025,3/23/2025,Confirmed,Not applicable
WN3122,Husain,Wallas,hwallas6v@nba.com,Bagrāmī,Novais,6:59 AM,4:09 AM,4/21/2025,06-05-2025,Confirmed,Not applicable
WN7861,Misty,Mackett,mmackett6w@fastcompany.com,Nuamuzi,Songjiang,4:56 AM,6:08 PM,6/19/2025,1/17/2025,Confirmed,Not applicable
NH3168,Jan,McIver,jmciver6x@sogou.com,Sychëvo,Medveđa,1:53 AM,4:25 AM,12/30/2024,9/15/2024,Confirmed,Not applicable
AM5743,Stefano,Latter,slatter6y@odnoklassniki.ru,Juan N Alvarez,Delft,12:51 PM,5:17 AM,11-11-2024,3/30/2025,Confirmed,Not applicable
BA6398,Jasun,McIlvoray,jmcilvoray6z@mashable.com,Ouidah,Pinglin,7:51 AM,10:50 PM,08-08-2024,11/16/2024,Confirmed,Not applicable
BA2542,Emera,Standidge,estandidge70@eepurl.com,Toulon,Tall Salḩab,12:11 PM,12:32 PM,3/30/2025,6/28/2025,Confirmed,Not applicable
AM6788,Alvis,Garthshore,agarthshore71@youtube.com,Kadusirung Hilir,Monching,5:12 PM,6:30 PM,6/13/2025,10/27/2024,Confirmed,Not applicable
KE1526,Ignacio,Lamplough,ilamplough72@elpais.com,Verkhnya Syrovatka,Itatinga,8:39 PM,11:55 AM,11-08-2024,3/16/2025,Confirmed,Not applicable
NZ8955,Allen,Volleth,avolleth73@typepad.com,Lëbushë,Huanggang,1:41 PM,6:07 AM,6/30/2025,02-06-2025,Confirmed,Not applicable
TG7280,Delano,Strowther,dstrowther74@si.edu,Clonskeagh,Kombapari,6:46 PM,1:26 AM,09-01-2024,03-08-2025,Confirmed,Not applicable
KL1948,Polly,Kezourec,pkezourec75@ibm.com,Parchal,Wulipu,2:36 AM,8:33 PM,05-01-2025,03-10-2025,Confirmed,Not applicable
NH8860,Gib,Langlais,glanglais76@oaic.gov.au,Meaux,Pulau Tiga,6:36 AM,4:08 AM,9/22/2024,11/25/2024,Confirmed,Not applicable
AM8660,Devy,Sempill,dsempill77@cbc.ca,Hesperange,Velagići,11:05 AM,2:30 PM,11/23/2024,10/20/2024,Confirmed,Not applicable
AA6888,Samson,Colwell,scolwell78@opera.com,Zhangcun,Pangpang,11:10 AM,7:24 AM,2/28/2025,1/30/2025,Confirmed,Not applicable
ET9521,Garfield,Lorne,glorne79@patch.com,Newport News,Registro,10:31 PM,10:05 AM,2/17/2025,8/18/2024,Confirmed,Not applicable
AV7161,Gavrielle,Bohl,gbohl7a@joomla.org,Nanfeng,Ptghunk’,3:27 AM,4:29 AM,12/26/2024,03-02-2025,Confirmed,Not applicable
AF6619,Bertina,Aiton,baiton7b@cnet.com,Lianzhu,Dubki,5:26 PM,4:40 AM,8/29/2024,10-10-2024,Confirmed,Not applicable
SQ9526,Hale,Parker,hparker7c@wired.com,Sukaraja,Mengxi,7:59 PM,4:50 AM,01-05-2025,12/18/2024,Confirmed,Not applicable
IB3816,Melony,Tiler,mtiler7d@xrea.com,Osh,Morcellemont Saint André,7:03 AM,5:29 AM,9/20/2024,08-04-2024,Confirmed,Not applicable
AC6451,Erin,Tremolieres,etremolieres7e@gov.uk,Marelesu,Embu Guaçu,5:18 PM,2:28 AM,7/13/2024,12/25/2024,Confirmed,Not applicable
QR8829,Kenton,Brightman,kbrightman7f@samsung.com,Chengguan,Huangjia,11:29 PM,3:14 AM,02-08-2025,7/20/2024,Confirmed,Not applicable
AM2907,Alastair,Janicek,ajanicek7g@miibeian.gov.cn,Walagar,Kuytun,10:41 PM,3:42 AM,4/28/2025,02-01-2025,Confirmed,Not applicable
DL5703,Becka,Stonestreet,bstonestreet7h@independent.co.uk,Amboasary,Nagorsk,11:08 PM,9:55 AM,2/18/2025,06-01-2025,Confirmed,Not applicable
CX8811,Francine,Bolte,fbolte7i@sfgate.com,Yonghe,Kruševo,2:47 AM,4:06 PM,10/13/2024,11/28/2024,Confirmed,Not applicable
DL8985,Domini,Lloyds,dlloyds7j@github.io,Tuguan,Český Těšín,1:45 PM,5:51 PM,03-05-2025,1/22/2025,Confirmed,Not applicable
SA1147,Ab,O'Quin,aoquin7k@forbes.com,Mirskoy,Nowshahr,10:45 PM,2:07 PM,12/13/2024,4/25/2025,Confirmed,Not applicable
QR8304,Tiphani,Graysmark,tgraysmark7l@ucoz.com,Horní Lideč,Roanoke,6:12 AM,4:50 AM,11-08-2024,7/16/2024,Confirmed,Not applicable
AV2822,Hendrick,Dykins,hdykins7m@loc.gov,Laoag,Prince Rupert,4:37 PM,8:37 PM,01-03-2025,7/21/2024,Confirmed,Not applicable
NZ9667,Zorina,Chiles,zchiles7n@wikia.com,Sinabang,Deba Habe,12:52 PM,2:57 PM,8/28/2024,5/15/2025,Confirmed,Not applicable
LH9806,Angeli,Van der Velde,avandervelde7o@newyorker.com,Chishtiān Mandi,Mirów,11:35 PM,7:23 PM,6/25/2025,1/30/2025,Confirmed,Not applicable
AM1013,Gav,Nevill,gnevill7p@ihg.com,Kalandagan,Zharkovskiy,3:02 AM,1:57 AM,11/28/2024,04-04-2025,Confirmed,Not applicable
UA9950,Joana,Dudenie,jdudenie7q@hexun.com,Uherský Ostroh,Ágios Spyrídon,6:58 AM,10:02 PM,4/21/2025,07-09-2024,Confirmed,Not applicable
SQ3366,Mace,Kristufek,mkristufek7r@slashdot.org,Stuttgart,Napnapan,6:43 PM,12:32 PM,01-10-2025,06-10-2025,Confirmed,Not applicable
QF8711,Creighton,Grandisson,cgrandisson7s@baidu.com,Si’en,Vicente Guerrero,3:49 AM,8:32 AM,01-12-2025,06-04-2025,Confirmed,Not applicable
UA9630,Nerti,Brake,nbrake7t@posterous.com,Bigaa,Yangju,11:07 PM,7:02 PM,01-04-2025,09-11-2024,Confirmed,Not applicable
SA6231,Reider,Grieveson,rgrieveson7u@disqus.com,Non Sung,Yelan’,11:18 PM,11:33 PM,3/27/2025,8/15/2024,Confirmed,Not applicable
UA5308,Rubetta,Damrell,rdamrell7v@state.gov,Bekwai,San Pedro,2:19 AM,10:46 PM,3/13/2025,7/18/2024,Confirmed,Not applicable
SQ1487,Galina,Vanderson,gvanderson7w@infoseek.co.jp,Nechanice,Nāgarpur,8:29 PM,8:51 PM,11/28/2024,02-09-2025,Confirmed,Not applicable
IB2849,Anallise,De Gogay,adegogay7x@fotki.com,Rimbo,Sukowiryo,6:21 PM,2:09 PM,02-01-2025,8/27/2024,Confirmed,Not applicable
TG7588,Nedda,Pigford,npigford7y@feedburner.com,Oslo,Dingqiao,11:33 PM,9:25 AM,02-04-2025,10/30/2024,Confirmed,Not applicable
KE1522,Leon,Iston,liston7z@parallels.com,Omaruru,Nyköping,1:10 AM,1:46 PM,06-06-2025,05-07-2025,Confirmed,Not applicable
AA6559,Craggy,Frankland,cfrankland80@opera.com,Novyy Uoyan,Mokopane,9:04 AM,3:52 AM,10-04-2024,09-01-2024,Confirmed,Not applicable
SK9628,Bartlett,Dovidaitis,bdovidaitis81@icq.com,Itapeva,Necochea,9:20 AM,2:57 PM,1/18/2025,03-10-2025,Confirmed,Not applicable
SK6204,Kacie,Muehler,kmuehler82@last.fm,Karlskoga,Tlogosadang,8:14 PM,9:40 AM,4/18/2025,12/24/2024,Confirmed,Not applicable
LA9661,Lissi,Durnan,ldurnan83@tumblr.com,Granja do Tedo,Yancheng,12:14 PM,10:11 AM,1/25/2025,11/28/2024,Confirmed,Not applicable
TG9254,Anneliese,McGraith,amcgraith84@webmd.com,Pyhäjoki,Si Racha,10:50 PM,12:49 AM,11-08-2024,03-05-2025,Confirmed,Not applicable
QR2909,Steven,Skett,sskett85@hp.com,Aurora,Liwu,3:32 PM,6:07 AM,10/23/2024,11-02-2024,Confirmed,Not applicable
NZ1560,Serena,Leach,sleach86@smh.com.au,Biaokou,Kentville,2:49 PM,4:51 PM,2/24/2025,01-05-2025,Confirmed,Not applicable
SQ8804,Aloysia,Gueinn,agueinn87@npr.org,Ciracap,Shuangqiao,2:26 PM,2:03 AM,09-04-2024,3/14/2025,Confirmed,Not applicable
BA8830,Pen,Egdal,pegdal88@scribd.com,Las Varas,Frei,8:07 PM,6:09 AM,12/24/2024,06-05-2025,Confirmed,Not applicable
AI2273,Cristie,Fahrenbach,cfahrenbach89@elegantthemes.com,Dijon,Brodarica,1:52 PM,12:47 PM,11-12-2024,05-01-2025,Confirmed,Not applicable
EK7800,Ranice,Rawlins,rrawlins8a@google.de,Haebaru,Dashu,4:49 PM,12:50 AM,6/19/2025,11/30/2024,Confirmed,Not applicable
EK1351,Agneta,Daniau,adaniau8b@biblegateway.com,Nangaroro,la Massana,9:16 AM,4:55 AM,02-07-2025,6/28/2025,Confirmed,Not applicable
